[
    {
        "id": "i-0c9a270a09db655db",
        "public_dns_name": "ec2-15-188-10-128.eu-west-3.compute.amazonaws.com",
        "region": "eu-west-3"
    },
    {
        "id": "i-0fab099c36ed23f42",
        "public_dns_name": "ec2-52-47-137-214.eu-west-3.compute.amazonaws.com",
        "region": "eu-west-3"
    },
    {
        "id": "i-0d9e83491012d66d1",
        "public_dns_name": "ec2-13-39-79-20.eu-west-3.compute.amazonaws.com",
        "region": "eu-west-3"
    },
    {
        "id": "i-0f313d6c0e606c322",
        "public_dns_name": "ec2-35-181-153-149.eu-west-3.compute.amazonaws.com",
        "region": "eu-west-3"
    },
    {
        "id": "i-0a00bbd6cc417a9c4",
        "public_dns_name": "ec2-35-181-62-115.eu-west-3.compute.amazonaws.com",
        "region": "eu-west-3"
    },
    {
        "id": "i-0c7cf8d256295238c",
        "public_dns_name": "ec2-13-39-19-241.eu-west-3.compute.amazonaws.com",
        "region": "eu-west-3"
    },
    {
        "id": "i-006b837389d04319a",
        "public_dns_name": "ec2-13-39-24-175.eu-west-3.compute.amazonaws.com",
        "region": "eu-west-3"
    },
    {
        "id": "i-0196409a982bf9f89",
        "public_dns_name": "ec2-13-38-93-32.eu-west-3.compute.amazonaws.com",
        "region": "eu-west-3"
    },
    {
        "id": "i-07caa499b35de4ac2",
        "public_dns_name": "ec2-13-38-250-77.eu-west-3.compute.amazonaws.com",
        "region": "eu-west-3"
    },
    {
        "id": "i-0316b2b07dedd8ef7",
        "public_dns_name": "ec2-15-236-206-118.eu-west-3.compute.amazonaws.com",
        "region": "eu-west-3"
    },
    {
        "id": "i-068d205137608981e",
        "public_dns_name": "ec2-54-154-202-90.eu-west-1.compute.amazonaws.com",
        "region": "eu-west-1"
    },
    {
        "id": "i-056a2148c0f10f5d7",
        "public_dns_name": "ec2-18-133-252-241.eu-west-2.compute.amazonaws.com",
        "region": "eu-west-2"
    },
    {
        "id": "i-0af6ff440589f7397",
        "public_dns_name": "ec2-13-40-229-131.eu-west-2.compute.amazonaws.com",
        "region": "eu-west-2"
    },
    {
        "id": "i-0d22c449b216e9ebf",
        "public_dns_name": "ec2-3-8-145-137.eu-west-2.compute.amazonaws.com",
        "region": "eu-west-2"
    },
    {
        "id": "i-0fbd84a3f814864c4",
        "public_dns_name": "ec2-18-132-40-50.eu-west-2.compute.amazonaws.com",
        "region": "eu-west-2"
    },
    {
        "id": "i-029dd944a4d7a03e3",
        "public_dns_name": "ec2-13-61-175-107.eu-north-1.compute.amazonaws.com",
        "region": "eu-north-1"
    },
    {
        "id": "i-00282c4af0c7e9e41",
        "public_dns_name": "ec2-54-233-12-143.sa-east-1.compute.amazonaws.com",
        "region": "sa-east-1"
    },
    {
        "id": "i-065a8edf30cedcc67",
        "public_dns_name": "ec2-65-2-123-112.ap-south-1.compute.amazonaws.com",
        "region": "ap-south-1"
    },
    {
        "id": "i-09c68d3514c5a189f",
        "public_dns_name": "ec2-13-208-105-119.ap-northeast-3.compute.amazonaws.com",
        "region": "ap-northeast-3"
    },
    {
        "id": "i-045c97d81531c8763",
        "public_dns_name": "ec2-3-37-130-75.ap-northeast-2.compute.amazonaws.com",
        "region": "ap-northeast-2"
    },
    {
        "id": "i-0de323e63bf880ea1",
        "public_dns_name": "ec2-18-179-207-102.ap-northeast-1.compute.amazonaws.com",
        "region": "ap-northeast-1"
    },
    {
        "id": "i-086dd0f327624b199",
        "public_dns_name": "ec2-13-250-38-110.ap-southeast-1.compute.amazonaws.com",
        "region": "ap-southeast-1"
    },
    {
        "id": "i-0cd2f57dc1b8a5634",
        "public_dns_name": "ec2-54-251-168-97.ap-southeast-1.compute.amazonaws.com",
        "region": "ap-southeast-1"
    },
    {
        "id": "i-0298afc172752cb41",
        "public_dns_name": "ec2-13-250-47-19.ap-southeast-1.compute.amazonaws.com",
        "region": "ap-southeast-1"
    },
    {
        "id": "i-0c50819b40bf792b9",
        "public_dns_name": "ec2-3-106-114-219.ap-southeast-2.compute.amazonaws.com",
        "region": "ap-southeast-2"
    },
    {
        "id": "i-0129af486160fa52b",
        "public_dns_name": "ec2-35-183-11-77.ca-central-1.compute.amazonaws.com",
        "region": "ca-central-1"
    },
    {
        "id": "i-0262aa544cbeb09c7",
        "public_dns_name": "ec2-3-72-246-151.eu-central-1.compute.amazonaws.com",
        "region": "eu-central-1"
    },
    {
        "id": "i-0f45cada226fefd3a",
        "public_dns_name": "ec2-18-226-94-15.us-east-2.compute.amazonaws.com",
        "region": "us-east-2"
    },
    {
        "id": "i-098dc1cedff14f1fa",
        "public_dns_name": "ec2-3-208-10-83.compute-1.amazonaws.com",
        "region": "us-east-1"
    },
    {
        "id": "i-0f5dacaf46b78522e",
        "public_dns_name": "ec2-18-144-101-94.us-west-1.compute.amazonaws.com",
        "region": "us-west-1"
    }
]